任务简述（一句话介绍要做什么）,任务编号（需要研发排查的bug需要填写）,任务背景（一句话介绍为什么要做）,提交人,提交时间,来源,任务补充说明,初步分类,产品负责人(任务负责人),涉及产品线,期望交付时间,需求背景（一句话介绍为什么要做）,闭环状态,当前任务状态（自动计算）,需求备注信息（或不受理原因）,初排期建议-到月（非承诺）,是否受理,哪一期规划,当前执行状态,最终分类,产品受理建议,需求描述（一句话介绍要做什么）,是否本期启动,优先级,投入团队,研发-总任务工作量规模评估（人天）,预估研发总工时（人天）,执行备注信息,投入人员,版本归属,预期完成时间,实际交付日期,父记录,最后更新时间,信息是否已澄清,是否临时插入,平台版本归属,产品预估工作量
价签模板支持按门店时区显示促销结束时间,,海外门店和总部时区不一致导致促销提前结束,林可,2026-03-02,客户,,B,Alex Chen,ESL平台,2026-04-15,客户门店无法按本地时间执行促销,未解决(驳回),待排期,,2026年04月,是,2026-04-w2,未开始,B,是,模板增加时区字段并在刷新时换算,是,高,后端,<=5,3,,,ESL7.4.0,2026-04-10,,主线模板能力,2026-09-01,是,,ESL7.4.0,1
绑定页偶发显示已绑定但价签仍显示旧价,BUG-24118,门店反馈刷新成功但内容未更新,周宁,2026-03-08,技术支持,需对照网关日志,C,Alex Chen,ESL平台,,,待澄清,,待澄清,,,,,C,待定,排查绑定状态与刷新任务不一致,否,中,后端,<=5,,,, ,,,,2026-09-01,否,,,1
EPD 刷新策略在低温仓耗电过快,,仓储场景电池寿命低于承诺值,赵青,2026-02-18,客户,,A,Alex Chen,EPD,2026-05-01,低温导致刷新次数上升,未解决(驳回),待排期,,2026年05月,是,,未开始,A,是,低温仓使用低刷新策略并给出电量阈值,是,高,ESL固件,<=20,12,,,固件策略,2026-04-30,,功耗专项,2026-08-20,是,,ESL7.3.0_Template,1
LCD 价签花屏重启后无法自恢复,BUG-23801,部分门店换板后仍复现,吴放,2026-01-22,技术支持,,D-P1,Morgan Wu,LCD,,,已完成,已闭环,,,,是,2026-03-w2,已完成,D,是,固件增加花屏检测与自动复位,是,高,LCD固件,<=10,8,,,LCD固件2.x,2026-03-20,2026-03-18,,2026-06-02,是,,ESL7.2.0,1
新系列价签需要支持温度上报,,运维希望用温度解释刷新异常,陈舟,2026-04-01,产品RoadMap,,B,Alex Chen,EPD,,采集温度用于运维诊断,未解决(驳回),已排期,,2026年06月,是,2026-06-w1,执行中,B,是,全型号温度上报与平台展示,是,中,ESL固件,<=20,,,, ,固件2.4,2026-06-15,,硬件能力,2026-09-08,是,,ESL7.4.0,1
中间件库存单位与价签单位不一致时的展示规则,,客户 ERP 以千克存储、门店以克展示,孙越,2026-03-11,销售,,B,Alex Chen,中间件,2026-04-30,单位换算不应做成一次性定制,未解决(驳回),待排期,,2026年04月,是,,未开始,B,是,在平台配置单位换算而不是按客户改模板,是,高,后端,<=10,5,,,中间件-2.1,2026-04-25,,平台化专项,2026-09-10,是,,ESL7.4.0,1
移动端批量换绑超时,BUG-24402,一次换绑超过 200 台时任务失败,李衡,2026-05-06,技术支持,,C,Morgan Wu,移动端App,,,待受理,,,,,,,C,,批量换绑任务拆片与重试,否,中,app,,,,, ,,,,2026-07-03,否,,,1
AP 固件在弱网下重复上报心跳打满日志,,运维磁盘被心跳日志占满,黄石,2026-02-01,研发RoadMap,,C,Alex Chen,AP,,,待排期,,2026年03月,是,,未开始,C,是,弱网心跳合并与日志降级,否,低,AP固件,<=5,2,,,,,,,2026-06-11,是,,,1
导航地图重构一期,,旧地图无法支撑多楼层门店,何岚,2026-01-05,产品RoadMap,,A,Morgan Wu,定位,2026-07-01,,未解决(驳回),已排期,,2026年07月,是,2026-07-w1,执行中,A,是,多楼层地图数据模型与渲染,是,高,算法,>40,40,,,导航1.0,2026-07-01,,地图重构,2026-08-11,是,,PTL2.6.3,1
模板预览与真实刷新结果不一致,BUG-23990,预览用缓存图、真机走另一套渲染,林可,2026-04-19,其他,,C,Alex Chen,ESL平台,,,待排期,,2026年05月,是,,未开始,C,是,预览链路与真机渲染对齐,否,中,web,<=10,4,,,,,,,2026-09-15,是,,ESL7.4.0,1
打印机任务与价签刷新抢占网关队列,,高峰同时打印和刷价导致延迟,周宁,2026-03-28,客户,,B,Morgan Wu,打印机,ESL平台,,,待澄清,,待澄清,,,,,B,待定,网关队列优先级策略,否,高,后端,,,,, ,,,,2026-09-01,否,,,1
演示门店账号被误用于生产刷价,,实施同事共用账号缺少隔离,赵青,2026-05-20,销售,,C,Alex Chen,ESL平台,,,已驳回,,需求备注：应由实施流程处理非产品缺陷,,,,否,,,,否,隔离演示租户与生产租户,否,低,产品,,,,,,, ,,,,2026-06-26,是,,,1
电子秤条码解析失败导致价签不亮,BUG-24611,条码前缀与平台主数据规则冲突,吴放,2026-06-03,技术支持,,C,Alex Chen,电子秤,,,待排期,,2026年06月,是,,未开始,C,是,兼容一类前缀并给出失败原因,是,高,后端,<=5,3,,,,,,,2026-09-17,是,,New_ESL1.0,1
P0 现场：整店价签停刷,BUG-25001,疑似网关证书过期,陈舟,2026-09-12,技术支持,,D-P0,Alex Chen,AP,ESL平台,2026-09-13,,未解决(驳回),待澄清,,信息未齐：需要日志,,,,,D,,先区分证书、网络、模板三类原因,是,高,运维,,,,, ,,,,2026-09-17,否,,是,,1
文档站补充海外时区配置说明,,实施反复来问配置入口,孙越,2026-07-01,其他,,C,Morgan Wu,文档,,,已完成,已闭环,,,,是,2026-07-w2,已完成,C,是,补充配置路径与截图,是,低,产品,<=5,1,,, ,2026-07-10,2026-07-08,,2026-08-25,是,,无需归属,1
